is_duplicate,test_id
0.0815740451217,0
0.242412358522,1
0.985792577267,2
0.978770673275,3
0.865490496159,4
0.93035787344,5
0.317331075668,6
0.898919403553,7
0.147243782878,8
0.766951560974,9
0.485757917166,10
0.991750776768,11
0.227718114853,12
0.962367236614,13
0.444050222635,14
0.354212194681,15
0.98965805769,16
0.99984896183,17
0.351556122303,18
0.995362639427,19
0.17787592113,20
0.972994863987,21
0.978668272495,22
0.0419138595462,23
0.919586122036,24
0.040849044919,25
0.986281692982,26
0.264245599508,27
0.97192466259,28
0.272653639317,29
0.368150502443,30
0.996039152145,31
0.989582419395,32
0.297971576452,33
0.467692643404,34
0.946047842503,35
0.15012536943,36
0.99199193716,37
0.329549610615,38
0.971923530102,39
0.817119121552,40
0.750347733498,41
0.970759093761,42
0.794072210789,43
0.977144658566,44
0.106692641973,45
0.964069724083,46
0.12130407989,47
0.989739239216,48
0.614040076733,49
0.998180866241,50
0.048833232373,51
0.988875627518,52
0.834102332592,53
0.970989227295,54
0.992970049381,55
0.997315347195,56
0.855021715164,57
0.243416756392,58
0.762808918953,59
0.994126915932,60
0.584071993828,61
0.0785309448838,62
0.928317368031,63
0.326340734959,64
0.981181800365,65
0.759295403957,66
0.352261871099,67
0.988838911057,68
0.447378724813,69
0.841663062572,70
0.275629103184,71
0.809552907944,72
0.13006156683,73
0.88042318821,74
0.0609490163624,75
0.806288897991,76
0.542039453983,77
0.845465600491,78
0.022246832028,79
0.354752063751,80
0.382512509823,81
0.242631793022,82
0.967984318733,83
0.142735004425,84
0.106820754707,85
0.693122208118,86
0.919738948345,87
0.983286142349,88
0.746347546577,89
0.0956100001931,90
0.924284338951,91
0.111404426396,92
0.809558570385,93
0.666241884232,94
0.40230384469,95
0.293835014105,96
0.992219984531,97
0.952816605568,98
0.369339346886,99
0.774772882462,100
0.701928853989,101
0.987967431545,102
0.231037691236,103
0.808142125607,104
0.53515547514,105
0.98990893364,106
0.99253731966,107
0.138870090246,108
0.350294858217,109
0.745319485664,110
0.948920249939,111
0.178924247622,112
0.955825328827,113
0.92550110817,114
0.0699056535959,115
0.991324067116,116
0.980532109737,117
0.172581523657,118
0.966067016125,119
0.505615651608,120
0.999883174896,121
0.0477930083871,122
0.993953883648,123
0.113843075931,124
0.973686039448,125
0.875829041004,126
0.601345121861,127
0.998269081116,128
0.0949154347181,129
0.49626660347,130
0.293375223875,131
0.796959102154,132
0.401974409819,133
0.975524365902,134
0.202350065112,135
0.959226250648,136
0.038630284369,137
0.986582458019,138
0.993416070938,139
0.122739374638,140
0.514739632607,141
0.206669673324,142
0.993983566761,143
0.985544860363,144
0.882664978504,145
0.231433466077,146
0.992757320404,147
0.622761428356,148
0.981486260891,149
0.329502016306,150
0.995269358158,151
0.0463687740266,152
0.978615403175,153
0.771114826202,154
0.996502518654,155
0.998429000378,156
0.0765192955732,157
0.976558685303,158
0.109392918646,159
0.961199581623,160
0.22091755271,161
0.993992626667,162
0.186082169414,163
0.977539300919,164
0.0370247215033,165
0.996372699738,166
0.381344735622,167
0.962056040764,168
0.139249324799,169
0.836702883244,170
0.199767872691,171
0.962169349194,172
0.263962119818,173
0.987867116928,174
0.0625918731093,175
0.994948744774,176
0.068496465683,177
0.465979367495,178
0.321175664663,179
0.100815907121,180
0.971762776375,181
0.920593380928,182
0.994962215424,183
0.0993318855762,184
0.528474748135,185
0.153559014201,186
0.991046845913,187
0.0872790068388,188
0.714022815228,189
0.996969759464,190
0.997773110867,191
0.261457383633,192
0.997009217739,193
0.991209626198,194
0.0258552450687,195
0.997065246105,196
0.259168922901,197
0.91368073225,198
0.96745544672,199
0.4993878901,200
0.0952404811978,201
0.922445118427,202
0.992974042892,203
0.14670227468,204
0.98206859827,205
0.907127380371,206
0.12814733386,207
0.996120393276,208
0.991742014885,209
0.114478573203,210
0.910765945911,211
0.115155860782,212
0.982233464718,213
0.4524962008,214
0.903500854969,215
0.497277498245,216
0.523458361626,217
0.993706047535,218
0.347269654274,219
0.998409748077,220
0.289270550013,221
0.997145593166,222
0.0429432056844,223
0.992633759975,224
0.364075690508,225
0.998389482498,226
0.139521732926,227
0.990944623947,228
0.817116260529,229
0.200659781694,230
0.94367146492,231
0.170138165355,232
0.994403839111,233
0.0687724724412,234
0.987272441387,235
0.913173377514,236
0.830266356468,237
0.989259243011,238
0.0615717507899,239
0.994616687298,240
0.901220977306,241
0.977813899517,242
0.607432067394,243
0.994924902916,244
0.0909308418632,245
0.993615627289,246
0.177230626345,247
0.99282759428,248
0.634614706039,249
0.120126329362,250
0.998320162296,251
0.169763162732,252
0.991282820702,253
0.99564242363,254
0.0132424160838,255
0.997286915779,256
0.150045365095,257
0.986687362194,258
0.101671054959,259
0.99371522665,260
0.765576899052,261
0.963786542416,262
0.246321305633,263
0.993049263954,264
0.727477908134,265
0.465366095304,266
0.0746920853853,267
0.815185189247,268
0.995679438114,269
0.0445407219231,270
0.98512506485,271
0.495017617941,272
0.994587182999,273
0.174410298467,274
0.709491193295,275
0.328549653292,276
0.978318214417,277
0.452605724335,278
0.992508947849,279
0.0501116141677,280
0.990572988987,281
0.031753577292,282
0.99818533659,283
0.987281262875,284
0.0318610183895,285
0.923275887966,286
0.402900397778,287
0.899269402027,288
0.0289351623505,289
0.918693006039,290
0.5952257514,291
0.958188176155,292
0.219506323338,293
0.995466589928,294
0.42896604538,295
0.768428146839,296
0.260206013918,297
0.996506392956,298
0.206136792898,299
0.0863029956818,300
0.986197531223,301
0.156386867166,302
0.316902458668,303
0.446421533823,304
0.884198606014,305
0.0721349865198,306
0.963799357414,307
0.435370087624,308
0.987530708313,309
0.413779973984,310
0.989955067635,311
0.191990047693,312
0.991414487362,313
0.962923049927,314
0.189925000072,315
0.984271943569,316
0.135184854269,317
0.930340349674,318
0.994104683399,319
0.0611167028546,320
0.917121231556,321
0.0929778069258,322
0.979232370853,323
0.154142990708,324
0.987744390965,325
0.178912460804,326
0.959168076515,327
0.165593504906,328
0.991682112217,329
0.795516729355,330
0.13532422483,331
0.0795477107167,332
0.957958638668,333
0.656168103218,334
0.990692913532,335
0.498417049646,336
0.983195245266,337
0.199244320393,338
0.817073225975,339
0.114855416119,340
0.996987760067,341
0.228377252817,342
0.995902001858,343
0.963588893414,344
0.97192466259,345
0.355201810598,346
0.990682005882,347
0.983175754547,348
0.0117666926235,349
0.494417637587,350
0.0578115992248,351
0.926075100899,352
0.0407003052533,353
0.845195174217,354
0.988815128803,355
0.100429967046,356
0.992948293686,357
0.0771237611771,358
0.99510794878,359
0.855360507965,360
0.152769193053,361
0.999001443386,362
0.220797285438,363
0.966047406197,364
0.994278788567,365
0.0129035469145,366
0.951874911785,367
0.131521567702,368
0.467214524746,369
0.948468923569,370
0.975728034973,371
0.207432180643,372
0.93959414959,373
0.998897314072,374
0.388574331999,375
0.636559784412,376
0.891368865967,377
0.998113751411,378
0.098777487874,379
0.992732346058,380
0.137104868889,381
0.998166680336,382
0.0823371559381,383
0.818055272102,384
0.995980858803,385
0.99347692728,386
0.100156188011,387
0.996295392513,388
0.673245370388,389
0.680329501629,390
0.0292272567749,391
0.976925909519,392
0.979175925255,393
0.870721340179,394
0.166519105434,395
0.990881919861,396
0.995232999325,397
0.975150823593,398
0.0966335088015,399
0.993339121342,400
0.660662889481,401
0.983519971371,402
0.437461227179,403
0.941900134087,404
0.252958536148,405
0.984460413456,406
0.996328413486,407
0.987821877003,408
0.211816057563,409
0.584532737732,410
0.0647086277604,411
0.985348761082,412
0.366983950138,413
0.996754586697,414
0.989137709141,415
0.116062752903,416
0.0492553971708,417
0.923977196217,418
0.552278399467,419
0.391122817993,420
0.605019211769,421
0.943720400333,422
0.086831830442,423
0.755290806293,424
0.956088542938,425
0.387210130692,426
0.989215195179,427
0.945577025414,428
0.563401997089,429
0.927762925625,430
0.98346310854,431
0.99028801918,432
0.864849865437,433
0.422479093075,434
0.988717675209,435
0.0604617744684,436
0.9857198596,437
0.110631011426,438
0.996320009232,439
0.149138018489,440
0.91998398304,441
0.992308616638,442
0.996754109859,443
0.97192466259,444
0.045750848949,445
0.998471438885,446
0.466879874468,447
0.813939571381,448
0.101391166449,449
0.446300923824,450
0.217870160937,451
0.859735965729,452
0.714374363422,453
0.993588089943,454
0.979420900345,455
0.977644383907,456
0.853510797024,457
0.286644071341,458
0.94584941864,459
0.912178099155,460
0.6455950737,461
0.988657653332,462
0.0542496554554,463
0.933431625366,464
0.0537198148668,465
0.992554962635,466
0.148157536983,467
0.950430512428,468
0.480860620737,469
0.956865131855,470
0.37401291728,471
0.221283316612,472
0.996287703514,473
0.974672794342,474
0.987866520882,475
0.218757882714,476
0.723307907581,477
0.0658185407519,478
0.986865460873,479
0.879397332668,480
0.989050984383,481
0.0253346189857,482
0.935599446297,483
0.254512995481,484
0.964155972004,485
0.528643667698,486
0.995996713638,487
0.995770037174,488
0.367566645145,489
0.961145877838,490
0.133219048381,491
0.989695429802,492
0.202255710959,493
0.988486289978,494
0.995505690575,495
0.794127762318,496
0.473720997572,497
0.765979528427,498
0.031481564045,499
0.950302243233,500
0.921582221985,501
0.205084711313,502
0.97518491745,503
0.993795156479,504
0.185764163733,505
0.994904637337,506
0.15261285007,507
0.789185523987,508
0.994261026382,509
0.183984026313,510
0.99934309721,511
0.441975712776,512
0.684512495995,513
0.973808348179,514
0.84919410944,515
0.809762477875,516
0.950142979622,517
0.695806026459,518
0.826740801334,519
0.488578230143,520
0.645401477814,521
0.65918135643,522
0.878482282162,523
0.0466443486512,524
0.990367531776,525
0.510258257389,526
0.997953653336,527
0.0333907417953,528
0.771349310875,529
0.083676494658,530
0.997501909733,531
0.987560093403,532
0.926830053329,533
0.98433727026,534
0.553960204124,535
0.995175242424,536
0.989316225052,537
0.961611032486,538
0.958062231541,539
0.0438918359578,540
0.986866593361,541
0.980758607388,542
0.997655749321,543
0.879635810852,544
0.947817325592,545
0.161413967609,546
0.971921741962,547
0.438989490271,548
0.842352330685,549
0.97620254755,550
0.96615165472,551
0.215238139033,552
0.928850531578,553
0.137219980359,554
0.985774636269,555
0.975909769535,556
0.0687254294753,557
0.981582820415,558
0.886181771755,559
0.0327627286315,560
0.997496664524,561
0.10631608963,562
0.998660326004,563
0.520573019981,564
0.994872868061,565
0.137494936585,566
0.956703186035,567
0.248747691512,568
0.9296631217,569
0.715798914433,570
0.951224803925,571
0.991003155708,572
0.993405044079,573
0.963054895401,574
0.980557441711,575
0.992453873158,576
0.194607332349,577
0.940962076187,578
0.0785850659013,579
0.997214853764,580
0.993484079838,581
0.646104156971,582
0.716528356075,583
0.97437953949,584
0.0790343806148,585
0.964973568916,586
0.874873578548,587
0.232931300998,588
0.997351408005,589
0.537471532822,590
0.92933768034,591
0.874440193176,592
0.0266203768551,593
0.993449747562,594
0.978363037109,595
0.0796003043652,596
0.978693246841,597
0.0810472890735,598
0.944174587727,599
0.108163446188,600
0.988191008568,601
0.993949174881,602
0.312654674053,603
0.0548802502453,604
0.997528254986,605
0.869201123714,606
0.55072581768,607
0.182851791382,608
0.988846600056,609
0.992917060852,610
0.989046871662,611
0.373680949211,612
0.993696510792,613
0.0373605005443,614
0.977437734604,615
0.876717627048,616
0.186844438314,617
0.988733530045,618
0.513755977154,619
0.994897425175,620
0.537812948227,621
0.996970415115,622
0.311804950237,623
0.994152605534,624
0.996223568916,625
0.835700273514,626
0.631630241871,627
0.988428294659,628
0.309866994619,629
0.885797917843,630
0.979650855064,631
0.0487885996699,632
0.900258719921,633
0.0961016565561,634
0.968222618103,635
0.972211897373,636
0.623407065868,637
0.446582764387,638
0.211663320661,639
0.977615296841,640
0.0538127794862,641
0.965310156345,642
0.995499312878,643
0.901056408882,644
0.0872509256005,645
0.920127570629,646
0.807871639729,647
0.104528084397,648
0.674590587616,649
0.993670701981,650
0.973515748978,651
0.0589511021972,652
0.994210839272,653
0.106497824192,654
0.996147751808,655
0.129801571369,656
0.945596814156,657
0.128414839506,658
0.951301157475,659
0.974398314953,660
0.536481261253,661
0.978322088718,662
0.99777752161,663
0.173342600465,664
0.443970471621,665
0.568944811821,666
0.135992780328,667
0.95600694418,668
0.113841965795,669
0.849470853806,670
0.64178109169,671
0.986476302147,672
0.141713440418,673
0.975658476353,674
0.247398898005,675
0.868389904499,676
0.985269963741,677
0.246690884233,678
0.980291008949,679
0.135169357061,680
0.940306544304,681
0.139257833362,682
0.485918998718,683
0.296029657125,684
0.962542712688,685
0.413140833378,686
0.986506938934,687
0.949059307575,688
0.915633738041,689
0.190521210432,690
0.935371160507,691
0.249700367451,692
0.989804506302,693
0.422789722681,694
0.991979956627,695
0.259566545486,696
0.993125677109,697
0.363814949989,698
0.934043765068,699
0.731750488281,700
0.334728479385,701
0.992087185383,702
0.234943509102,703
0.99137878418,704
0.894936263561,705
0.993221282959,706
0.569651782513,707
0.984402179718,708
0.392427951097,709
0.928684949875,710
0.960911691189,711
0.21932387352,712
0.987953007221,713
0.93708640337,714
0.938600957394,715
0.0124267693609,716
0.955613911152,717
0.0419599786401,718
0.93764603138,719
0.112607628107,720
0.922574341297,721
0.589432418346,722
0.987167775631,723
0.187768384814,724
0.989331960678,725
0.177610188723,726
0.979950666428,727
0.376947402954,728
0.940646469593,729
0.59442538023,730
0.995529949665,731
0.75462192297,732
0.990405857563,733
0.998049616814,734
0.975837767124,735
0.986556053162,736
0.113501317799,737
0.981556296349,738
0.188950628042,739
0.980512499809,740
0.957086205482,741
0.0441223680973,742
0.839544713497,743
0.214603066444,744
0.963095068932,745
0.99618345499,746
0.986675679684,747
0.922198474407,748
0.992030739784,749
0.300514549017,750
0.995569646358,751
0.440182626247,752
0.991084694862,753
0.116895705462,754
0.0550411008298,755
0.988919317722,756
0.112128555775,757
0.998121321201,758
0.110182873905,759
0.973760068417,760
0.995809435844,761
0.268898248672,762
0.993706643581,763
0.325710833073,764
0.994192421436,765
0.0644527748227,766
0.995640397072,767
0.911370038986,768
0.280120104551,769
0.0613830946386,770
0.961871445179,771
0.449838012457,772
0.807451605797,773
0.288829058409,774
0.726302087307,775
0.059247083962,776
0.996914625168,777
0.0393813401461,778
0.842194855213,779
0.326594680548,780
0.980136156082,781
0.408234417439,782
0.993397951126,783
0.410783201456,784
0.989765405655,785
0.291818410158,786
0.844065487385,787
0.993011057377,788
0.0776207819581,789
0.899059891701,790
0.969670295715,791
0.101961344481,792
0.94454151392,793
0.0847209841013,794
0.991030216217,795
0.988244891167,796
0.201274633408,797
0.904417693615,798
0.0541106276214,799
0.974756836891,800
0.0746490508318,801
0.993326425552,802
0.42861327529,803
0.657610118389,804
0.114278525114,805
0.755502998829,806
0.314390152693,807
0.989773452282,808
0.159790113568,809
0.893103897572,810
0.254793405533,811
0.988156735897,812
0.255639970303,813
0.972145974636,814
0.141521006823,815
0.959292471409,816
0.160760849714,817
0.847975254059,818
0.141098737717,819
0.707433879375,820
0.994636714458,821
0.705468654633,822
0.986240327358,823
0.990543961525,824
0.991284012794,825
0.497005611658,826
0.97052282095,827
0.185518831015,828
0.511763870716,829
0.992656230927,830
0.853809893131,831
0.988307416439,832
0.985128879547,833
0.974343776703,834
0.769575178623,835
0.476718842983,836
0.84881234169,837
0.55493080616,838
0.511177301407,839
0.993971765041,840
0.48625767231,841
0.919694721699,842
0.168911293149,843
0.990046203136,844
0.664155364037,845
0.63266992569,846
0.988556742668,847
0.918479144573,848
0.569758892059,849
0.964653134346,850
0.340315818787,851
0.832763195038,852
0.0542532764375,853
0.971067011356,854
0.0502565428615,855
0.961041986942,856
0.408348381519,857
0.994233310223,858
0.0619185566902,859
0.98030179739,860
0.992021024227,861
0.140178471804,862
0.974671185017,863
0.157817065716,864
0.60754108429,865
0.873991429806,866
0.944152712822,867
0.976737439632,868
0.991272270679,869
0.231274083257,870
0.995119571686,871
0.0697027146816,872
0.100648336112,873
0.973721325397,874
0.247693821788,875
0.992503643036,876
0.99561971426,877
0.690117716789,878
0.895336091518,879
0.256788015366,880
0.912109911442,881
0.229653507471,882
0.226950451732,883
0.958470880985,884
0.957953453064,885
0.197473183274,886
0.995639204979,887
0.0549832209945,888
0.585449576378,889
0.97192466259,890
0.107449427247,891
0.99401652813,892
0.0715851932764,893
0.951126456261,894
0.183493852615,895
0.913824081421,896
0.197770193219,897
0.993618607521,898
0.993838250637,899
0.180367648602,900
0.993402540684,901
0.225347906351,902
0.981483876705,903
0.984658479691,904
0.24444656074,905
0.995479345322,906
0.124450013041,907
0.850093066692,908
0.990773200989,909
0.119867160916,910
0.994325935841,911
0.976566076279,912
0.402761816978,913
0.251990705729,914
0.5720744133,915
0.991715371609,916
0.192544698715,917
0.84017676115,918
0.169336870313,919
0.984283030033,920
0.810147225857,921
0.952419519424,922
0.243733674288,923
0.985564291477,924
0.469204246998,925
0.878578901291,926
0.02951259166,927
0.758537530899,928
0.126336932182,929
0.728230595589,930
0.481441289186,931
0.308774620295,932
0.924249410629,933
0.0202622376382,934
0.939855396748,935
0.993660271168,936
0.768888771534,937
0.352061808109,938
0.784004986286,939
0.268983364105,940
0.998263061047,941
0.099326595664,942
0.995420634747,943
0.963057339191,944
0.0764211788774,945
0.986404657364,946
0.052264470607,947
0.807952582836,948
0.368553519249,949
0.98413926363,950
0.0281326491386,951
0.979719817638,952
0.365441948175,953
0.999879002571,954
0.113590322435,955
0.99233853817,956
0.213151216507,957
0.936777234077,958
0.34456205368,959
0.985886454582,960
0.48429453373,961
0.970431745052,962
0.0449740365148,963
0.993693351746,964
0.218175426126,965
0.989391326904,966
0.97192466259,967
0.617572903633,968
0.993650853634,969
0.985218465328,970
0.17480674386,971
0.533549308777,972
0.413470625877,973
0.997403681278,974
0.0826395601034,975
0.99419760704,976
0.175887465477,977
0.994631290436,978
0.775600492954,979
0.996823549271,980
0.0907705202699,981
0.880447387695,982
0.986894726753,983
0.993482887745,984
0.916272163391,985
0.341533839703,986
0.801418781281,987
0.920309901237,988
0.960994124413,989
0.468375980854,990
0.659803569317,991
0.986386299133,992
0.740366220474,993
0.997366607189,994
0.209165215492,995
0.526136577129,996
0.132665589452,997
0.990622699261,998
0.542567968369,999
0.969744026661,1000
0.991868495941,1001
0.995346128941,1002
0.153680041432,1003
0.951076626778,1004
0.991495966911,1005
0.0963594987988,1006
0.998387813568,1007
0.681323051453,1008
0.0785335674882,1009
0.244964748621,1010
0.330782771111,1011
0.142517581582,1012
0.976547002792,1013
0.997914135456,1014
0.0533576458693,1015
0.992846667767,1016
0.93691444397,1017
0.02458107844,1018
0.996147990227,1019
0.502892613411,1020
0.995017707348,1021
0.124404892325,1022
0.953096151352,1023
0.945554971695,1024
0.420921057463,1025
0.985735118389,1026
0.150346130133,1027
0.765717983246,1028
0.169700369239,1029
0.962852060795,1030
0.106817595661,1031
0.797111272812,1032
0.0243034400046,1033
0.952696740627,1034
0.131995618343,1035
0.985048949718,1036
0.125927090645,1037
0.975427806377,1038
0.990193009377,1039
0.299919039011,1040
0.995720565319,1041
0.971924424171,1042
0.18164844811,1043
0.973097920418,1044
0.173541754484,1045
0.870399534702,1046
0.121577382088,1047
0.981554150581,1048
0.151182845235,1049
0.963534891605,1050
0.579996228218,1051
0.960054218769,1052
0.112353764474,1053
0.983189344406,1054
0.247747570276,1055
0.950354397297,1056
0.0795553177595,1057
0.995077311993,1058
0.986388146877,1059
0.890107989311,1060
0.467309951782,1061
0.962895274162,1062
0.552814662457,1063
0.900782585144,1064
0.989986598492,1065
0.134929776192,1066
0.979803919792,1067
0.0846594423056,1068
0.991530418396,1069
0.76548653841,1070
0.983588933945,1071
0.969610989094,1072
0.372211903334,1073
0.945614099503,1074
0.99248111248,1075
0.19349437952,1076
0.985354423523,1077
0.127347037196,1078
0.961299300194,1079
0.164597570896,1080
0.936004579067,1081
0.145386233926,1082
0.990472555161,1083
0.874679386616,1084
0.940198302269,1085
0.234914556146,1086
0.773479521275,1087
0.0348695889115,1088
0.997364342213,1089
0.193025186658,1090
0.983855545521,1091
0.994175553322,1092
0.709110736847,1093
0.98719483614,1094
0.963504910469,1095
0.0290898885578,1096
0.900999903679,1097
0.0776482671499,1098
0.890005409718,1099
0.334431231022,1100
0.985190927982,1101
0.966360807419,1102
0.195305332541,1103
0.91111177206,1104
0.0536268614233,1105
0.985956192017,1106
0.248281627893,1107
0.997981786728,1108
0.984846949577,1109
0.810620546341,1110
0.957480013371,1111
0.465772747993,1112
0.189042970538,1113
0.982462048531,1114
0.987162411213,1115
0.430304527283,1116
0.940297007561,1117
0.684992313385,1118
0.975341975689,1119
0.80073004961,1120
0.41622826457,1121
0.984513223171,1122
0.999836325645,1123
0.997793316841,1124
0.594459295273,1125
0.784781515598,1126
0.987099766731,1127
0.998705506325,1128
0.540355801582,1129
0.977155804634,1130
0.168679907918,1131
0.99277484417,1132
0.200661167502,1133
0.983102142811,1134
0.419687509537,1135
0.977315843105,1136
0.477100938559,1137
0.766799747944,1138
0.673528790474,1139
0.984271347523,1140
0.747445106506,1141
0.98329770565,1142
0.849358797073,1143
0.207211792469,1144
0.222615212202,1145
0.546592354774,1146
0.149558767676,1147
0.98753541708,1148
0.678909480572,1149
0.247833043337,1150
0.969111502171,1151
0.992879092693,1152
0.881875872612,1153
0.0396725051105,1154
0.974775731564,1155
0.0810379683971,1156
0.925379216671,1157
0.0993935987353,1158
0.948431372643,1159
0.11393968761,1160
0.53302282095,1161
0.0397831462324,1162
0.800504863262,1163
0.956523060799,1164
0.0856114476919,1165
0.995188832283,1166
0.992751717567,1167
0.115360327065,1168
0.93824493885,1169
0.111071012914,1170
0.996205449104,1171
0.295070260763,1172
0.972003936768,1173
0.178356558084,1174
0.273085415363,1175
0.200243249536,1176
0.989723563194,1177
0.537767827511,1178
0.0264202691615,1179
0.149288251996,1180
0.912244856358,1181
0.992263436317,1182
0.206724509597,1183
0.99139714241,1184
0.198190957308,1185
0.569530844688,1186
0.203374162316,1187
0.82036870718,1188
0.0441223680973,1189
0.996009707451,1190
0.160120531917,1191
0.969786524773,1192
0.350443840027,1193
0.98959338665,1194
0.594247281551,1195
0.753716409206,1196
0.981328964233,1197
0.661397635937,1198
0.807554423809,1199
0.177510246634,1200
0.99274045229,1201
0.985627532005,1202
0.343424916267,1203
0.825567662716,1204
0.340169727802,1205
0.994984030724,1206
0.974328637123,1207
0.065696798265,1208
0.656363844872,1209
0.8878672719,1210
0.998149991035,1211
0.268462985754,1212
0.697718918324,1213
0.174572378397,1214
0.928369343281,1215
0.113173410296,1216
0.99424135685,1217
0.160274341702,1218
0.973363161087,1219
0.653296113014,1220
0.99325799942,1221
0.563055634499,1222
0.977675676346,1223
0.984361290932,1224
0.833348631859,1225
0.957701385021,1226
0.271483153105,1227
0.731212437153,1228
0.0689961835742,1229
0.972964048386,1230
0.350072294474,1231
0.945675075054,1232
0.241013944149,1233
0.808430254459,1234
0.0889655575156,1235
0.782839536667,1236
0.126933053136,1237
0.977813124657,1238
0.388716161251,1239
0.332099199295,1240
0.993244946003,1241
0.393511712551,1242
0.993373155594,1243
0.203045576811,1244
0.994186639786,1245
0.969920754433,1246
0.605385541916,1247
0.552055358887,1248
0.997905015945,1249
0.158662065864,1250
0.985343754292,1251
0.838632047176,1252
0.95434820652,1253
0.808405339718,1254
0.179528325796,1255
0.308156490326,1256
0.116085894406,1257
0.947020888329,1258
0.99651414156,1259
0.23341691494,1260
0.971130847931,1261
0.120461761951,1262
0.99237459898,1263
0.447550058365,1264
0.999251902103,1265
0.196296453476,1266
0.991722524166,1267
0.982522010803,1268
0.979705989361,1269
0.994504511356,1270
0.0210801027715,1271
0.852807283401,1272
0.418820351362,1273
0.749445259571,1274
0.998642861843,1275
0.179385885596,1276
0.954934000969,1277
0.208011582494,1278
0.997177958488,1279
0.284581810236,1280
0.969863116741,1281
0.541083753109,1282
0.565459132195,1283
0.990303575993,1284
0.435722857714,1285
0.747659623623,1286
0.939047396183,1287
0.190110340714,1288
0.99625068903,1289
0.55654501915,1290
0.991894304752,1291
0.0788945555687,1292
0.984012126923,1293
0.266816943884,1294
0.98543637991,1295
0.2911426723,1296
0.900579988956,1297
0.0664230585098,1298
0.982270777225,1299
0.0668121725321,1300
0.921800553799,1301
0.736258089542,1302
0.0271426066756,1303
0.838261723518,1304
0.391137242317,1305
0.214942783117,1306
0.823317170143,1307
0.0959133952856,1308
0.977668881416,1309
0.655936062336,1310
0.918267130852,1311
0.0976763293147,1312
0.991266310215,1313
0.232961192727,1314
0.935326337814,1315
0.997907280922,1316
0.0713042393327,1317
0.128231436014,1318
0.978237748146,1319
0.0547379925847,1320
0.992710113525,1321
0.368884831667,1322
0.969284176826,1323
0.108930647373,1324
0.995774805546,1325
0.00999345351011,1326
0.950400054455,1327
0.26838645339,1328
0.578063488007,1329
0.984227478504,1330
0.841662585735,1331
0.992595136166,1332
0.982477366924,1333
0.0765991061926,1334
0.0511329174042,1335
0.998723208904,1336
0.20900195837,1337
0.995998263359,1338
0.120072282851,1339
0.99489492178,1340
0.0537000633776,1341
0.984763681889,1342
0.222047254443,1343
0.927236318588,1344
0.602639555931,1345
0.655105412006,1346
0.0874577984214,1347
0.0364241227508,1348
0.983025610447,1349
0.960494875908,1350
0.690837621689,1351
0.910827875137,1352
0.0773520693183,1353
0.572505116463,1354
0.333836823702,1355
0.978589594364,1356
0.984836637974,1357
0.0109963556752,1358
0.281039088964,1359
0.988092958927,1360
0.0127081377432,1361
0.945046067238,1362
0.992262363434,1363
0.322935074568,1364
0.842454731464,1365
0.0140437390655,1366
0.991697072983,1367
0.987147390842,1368
0.82634139061,1369
0.643043220043,1370
0.946974635124,1371
0.274586319923,1372
0.951704800129,1373
0.993416905403,1374
0.952459812164,1375
0.168862357736,1376
0.398148745298,1377
0.917783260345,1378
0.987784326077,1379
0.136286437511,1380
0.988900065422,1381
0.121794462204,1382
0.988010466099,1383
0.498044073582,1384
0.475466191769,1385
0.967268049717,1386
0.161980733275,1387
0.523797750473,1388
0.994432032108,1389
0.627991855145,1390
0.81023222208,1391
0.0460578985512,1392
0.995431423187,1393
0.200651913881,1394
0.0662185847759,1395
0.695475697517,1396
0.229855552316,1397
0.973070383072,1398
0.993980884552,1399
0.148161664605,1400
0.995868444443,1401
0.388446360826,1402
0.994428277016,1403
0.995285928249,1404
0.260021865368,1405
0.95032542944,1406
0.297050356865,1407
0.893143475056,1408
0.306199252605,1409
0.995089769363,1410
0.254251718521,1411
0.938525140285,1412
0.85990780592,1413
0.922987103462,1414
0.966319620609,1415
0.0933594927192,1416
0.995961606503,1417
0.151889935136,1418
0.990291059017,1419
0.203935682774,1420
0.921995282173,1421
0.825038611889,1422
0.670024931431,1423
0.170009195805,1424
0.996578037739,1425
0.9426420331,1426
0.142199352384,1427
0.990754365921,1428
0.51063388586,1429
0.991708815098,1430
0.294189423323,1431
0.998565733433,1432
0.672430098057,1433
0.235280543566,1434
0.163922250271,1435
0.934194624424,1436
0.991528749466,1437
0.370421946049,1438
0.919527053833,1439
0.435464113951,1440
0.991398453712,1441
0.54258275032,1442
0.0986108183861,1443
0.991590738297,1444
0.861429274082,1445
0.0387923493981,1446
0.984928667545,1447
0.506549954414,1448
0.993381977081,1449
0.687990605831,1450
0.908850073814,1451
0.949194848537,1452
0.748649895191,1453
0.914689064026,1454
0.950981855392,1455
0.219405144453,1456
0.987592875957,1457
0.0862013623118,1458
0.714827060699,1459
0.211854249239,1460
0.987370252609,1461
0.796009838581,1462
0.989832043648,1463
0.0356507599354,1464
0.929134786129,1465
0.437623143196,1466
0.98378431797,1467
0.165037885308,1468
0.99526911974,1469
0.982630193233,1470
0.987858533859,1471
0.37997302413,1472
0.989651978016,1473
0.152890145779,1474
0.982012152672,1475
0.0528238750994,1476
0.472284883261,1477
0.121476903558,1478
0.397323280573,1479
0.963437497616,1480
0.993356764317,1481
0.0649041607976,1482
0.164155811071,1483
0.99591678381,1484
0.107614547014,1485
0.595095157623,1486
0.953603446484,1487
0.924280822277,1488
0.852801203728,1489
0.996372699738,1490
0.780001878738,1491
0.26795399189,1492
0.98855650425,1493
0.0731455162168,1494
0.989811837673,1495
0.164728343487,1496
0.982590973377,1497
0.926681876183,1498
0.97192466259,1499
0.0470317564905,1500
0.477656662464,1501
0.0861380770802,1502
0.998194992542,1503
0.0588068366051,1504
0.981448113918,1505
0.0289759207517,1506
0.640644133091,1507
0.404254764318,1508
0.806546449661,1509
0.991632282734,1510
0.262323111296,1511
0.976895570755,1512
0.454696089029,1513
0.973658323288,1514
0.633718490601,1515
0.388041138649,1516
0.864370286465,1517
0.877884864807,1518
0.215848341584,1519
0.644236922264,1520
0.752736449242,1521
0.962693929672,1522
0.973483800888,1523
0.171729549766,1524
0.986910521984,1525
0.983922898769,1526
0.828807771206,1527
0.110323615372,1528
0.730522215366,1529
0.246437892318,1530
0.805961370468,1531
0.426538139582,1532
0.992710113525,1533
0.0411802120507,1534
0.992928802967,1535
0.0784544721246,1536
0.969326972961,1537
0.98733985424,1538
0.948968350887,1539
0.472220927477,1540
0.383152514696,1541
0.23525261879,1542
0.999911308289,1543
0.0759162381291,1544
0.234342873096,1545
0.841737866402,1546
0.823578417301,1547
0.809451460838,1548
0.837582230568,1549
0.781591832638,1550
0.329304039478,1551
0.945641100407,1552
0.732309162617,1553
0.978706300259,1554
0.354454129934,1555
0.962097704411,1556
0.988011300564,1557
0.818621277809,1558
0.0898158177733,1559
0.99193418026,1560
0.115322381258,1561
0.98212826252,1562
0.428603291512,1563
0.985628247261,1564
0.991671621799,1565
0.171130895615,1566
0.681671440601,1567
0.998314738274,1568
0.666001200676,1569
0.971258461475,1570
0.422601640224,1571
0.899418056011,1572
0.423841238022,1573
0.858759284019,1574
0.865849971771,1575
0.0575066097081,1576
0.996275544167,1577
0.992785334587,1578
0.209149539471,1579
0.914180099964,1580
0.7546620965,1581
0.0866931900382,1582
0.992623806,1583
0.0558826364577,1584
0.484652668238,1585
0.980318069458,1586
0.953360855579,1587
0.199204549193,1588
0.98637008667,1589
0.0625026077032,1590
0.896816849709,1591
0.997231304646,1592
0.99274969101,1593
0.175052955747,1594
0.935344815254,1595
0.954614579678,1596
0.242724299431,1597
0.997475922108,1598
0.125868827105,1599
0.787475943565,1600
0.287973612547,1601
0.988606750965,1602
0.725508749485,1603
0.952606797218,1604
0.498915284872,1605
0.990471482277,1606
0.339821904898,1607
0.905373334885,1608
0.873748064041,1609
0.852417647839,1610
0.99567848444,1611
0.945516586304,1612
0.0972282961011,1613
0.121626377106,1614
0.0388268865645,1615
0.994933664799,1616
0.996432304382,1617
0.200237631798,1618
0.349379062653,1619
0.159004881978,1620
0.987424075603,1621
0.924058258533,1622
0.706072986126,1623
0.991188049316,1624
0.333669394255,1625
0.9903896451,1626
0.997465729713,1627
0.355509400368,1628
0.979313194752,1629
0.0823087692261,1630
0.988256514072,1631
0.693523168564,1632
0.800354301929,1633
0.155421584845,1634
0.982146561146,1635
0.203798025846,1636
0.782368719578,1637
0.289067089558,1638
0.729829013348,1639
0.637991189957,1640
0.989866614342,1641
0.965859234333,1642
0.171402022243,1643
0.976477205753,1644
0.471474170685,1645
0.871838152409,1646
0.942268848419,1647
0.0895503312349,1648
0.989810228348,1649
0.15940785408,1650
0.974652171135,1651
0.988551974297,1652
0.989035665989,1653
0.135967075825,1654
0.983281672001,1655
0.209802076221,1656
0.994176149368,1657
0.00788593478501,1658
0.988736569881,1659
0.35389816761,1660
0.967291712761,1661
0.54626172781,1662
0.947393536568,1663
0.987533807755,1664
0.0544458031654,1665
0.97192466259,1666
0.812907755375,1667
0.823959589005,1668
0.947789907455,1669
0.857185125351,1670
0.424822688103,1671
0.963027596474,1672
0.381946265697,1673
0.959512293339,1674
0.0362364277244,1675
0.988440275192,1676
0.989559650421,1677
0.0714742392302,1678
0.978771269321,1679
0.118385769427,1680
0.862780511379,1681
0.975987970829,1682
0.943711400032,1683
0.993825078011,1684
0.42831414938,1685
0.982389271259,1686
0.111719831824,1687
0.984440565109,1688
0.691146075726,1689
0.937004446983,1690
0.955630540848,1691
0.0506491847336,1692
0.976369321346,1693
0.956400632858,1694
0.986020028591,1695
0.192895591259,1696
0.975703418255,1697
0.960697293282,1698
0.985102057457,1699
0.36566400528,1700
0.942786633968,1701
0.989563047886,1702
0.988641917706,1703
0.570403218269,1704
0.95115339756,1705
0.357179939747,1706
0.957374691963,1707
0.412425488234,1708
0.999005138874,1709
0.0463198684156,1710
0.981249153614,1711
0.0106394123286,1712
0.953626513481,1713
0.954867362976,1714
0.951428592205,1715
0.331167459488,1716
0.988010466099,1717
0.192028090358,1718
0.770238041878,1719
0.121053628623,1720
0.769559621811,1721
0.561979532242,1722
0.979759633541,1723
0.147555097938,1724
0.997453510761,1725
0.998586177826,1726
0.154553741217,1727
0.955973267555,1728
0.307418495417,1729
0.993035197258,1730
0.969173669815,1731
0.683669388294,1732
0.973906815052,1733
0.765237152576,1734
0.952620744705,1735
0.564981639385,1736
0.682955682278,1737
0.541512548923,1738
0.959720313549,1739
0.404613733292,1740
0.889780819416,1741
0.633812248707,1742
0.93316245079,1743
0.96333616972,1744
0.274136036634,1745
0.954541087151,1746
0.224878624082,1747
0.996549010277,1748
0.361425071955,1749
0.115823872387,1750
0.917168259621,1751
0.111610621214,1752
0.753109335899,1753
0.295300811529,1754
0.990539193153,1755
0.139722198248,1756
0.752748668194,1757
0.984425902367,1758
0.576603829861,1759
0.46631616354,1760
0.98891711235,1761
0.440863221884,1762
0.931571245193,1763
0.518806040287,1764
0.99050116539,1765
0.277211159468,1766
0.0854922235012,1767
0.949436843395,1768
0.542900264263,1769
0.995604157448,1770
0.810741603374,1771
0.247927054763,1772
0.962115049362,1773
0.153131216764,1774
0.983742713928,1775
0.940273761749,1776
0.219439342618,1777
0.997309684753,1778
0.993648946285,1779
0.57478427887,1780
0.850093066692,1781
0.465378642082,1782
0.863386869431,1783
0.971765935421,1784
0.962428331375,1785
0.10473741591,1786
0.994007468224,1787
0.96977442503,1788
0.97416228056,1789
0.723835706711,1790
0.321274846792,1791
0.982404768467,1792
0.119327709079,1793
0.981867790222,1794
0.173855185509,1795
0.987481534481,1796
0.946299612522,1797
0.0495014600456,1798
0.975732564926,1799
0.933949053288,1800
0.186835616827,1801
0.948401987553,1802
0.119774125516,1803
0.992121458054,1804
0.987748682499,1805
0.229236423969,1806
0.999185264111,1807
0.107089832425,1808
0.994219064713,1809
0.93928027153,1810
0.0476643815637,1811
0.981531262398,1812
0.289559900761,1813
0.568455636501,1814
0.0720865428448,1815
0.504400312901,1816
0.37033829093,1817
0.98974353075,1818
0.588332951069,1819
0.998422622681,1820
0.415802240372,1821
0.971350133419,1822
0.871751844883,1823
0.963588893414,1824
0.0534690693021,1825
0.97760117054,1826
0.994559466839,1827
0.209409922361,1828
0.832469940186,1829
0.00972902681679,1830
0.502129137516,1831
0.99320268631,1832
0.973776578903,1833
0.129783526063,1834
0.839658141136,1835
0.487806349993,1836
0.764787137508,1837
0.987023711205,1838
0.225458174944,1839
0.994573175907,1840
0.339145153761,1841
0.306008219719,1842
0.0753825828433,1843
0.996583402157,1844
0.650440812111,1845
0.996632874012,1846
0.14143152535,1847
0.98590773344,1848
0.994653105736,1849
0.370779514313,1850
0.996562898159,1851
0.221690148115,1852
0.15571936965,1853
0.421196013689,1854
0.982507407665,1855
0.964028298855,1856
0.204345092177,1857
0.961926162243,1858
0.114962682128,1859
0.968208312988,1860
0.382086843252,1861
0.99621295929,1862
0.192591428757,1863
0.996590018272,1864
0.152618825436,1865
0.995832145214,1866
0.0333899781108,1867
0.970101118088,1868
0.186855882406,1869
0.990168094635,1870
0.942336082458,1871
0.219529345632,1872
0.971491217613,1873
0.88677239418,1874
0.979390740395,1875
0.19563870132,1876
0.991052091122,1877
0.685048401356,1878
0.510135412216,1879
0.691394090652,1880
0.986962497234,1881
0.464771658182,1882
0.977641642094,1883
0.0486069954932,1884
0.978317856789,1885
0.943338751793,1886
0.149912178516,1887
0.9815980196,1888
0.118763819337,1889
0.985859692097,1890
0.126531630754,1891
0.138130068779,1892
0.266492486,1893
0.982901573181,1894
0.43490037322,1895
0.974761247635,1896
0.938155770302,1897
0.711254239082,1898
0.797968327999,1899
0.427206397057,1900
0.622925281525,1901
0.330109238625,1902
0.94270914793,1903
0.990598261356,1904
0.32910862565,1905
0.456937760115,1906
0.89511346817,1907
0.266429007053,1908
0.716743588448,1909
0.216278165579,1910
0.993393599987,1911
0.223429962993,1912
0.985828280449,1913
0.777278602123,1914
0.591169416904,1915
0.186853960156,1916
0.926984071732,1917
0.517925620079,1918
0.971033751965,1919
0.286896258593,1920
0.989169478416,1921
0.812457859516,1922
0.215412333608,1923
0.922255158424,1924
0.236792176962,1925
0.989679992199,1926
0.993171691895,1927
0.860110938549,1928
0.973284900188,1929
0.308657109737,1930
0.996494233608,1931
0.118849918246,1932
0.996521472931,1933
0.074141792953,1934
0.98396217823,1935
0.99636900425,1936
0.449424922466,1937
0.999184787273,1938
0.506925404072,1939
0.829420268536,1940
0.398651748896,1941
0.15507389605,1942
0.99586135149,1943
0.293044447899,1944
0.924054443836,1945
0.334406405687,1946
0.286431640387,1947
0.665610074997,1948
0.989301383495,1949
0.211824417114,1950
0.676869869232,1951
0.125023156404,1952
0.625222802162,1953
0.812892138958,1954
0.0760252252221,1955
0.183615237474,1956
0.123255074024,1957
0.943921208382,1958
0.312184095383,1959
0.990726232529,1960
0.971279978752,1961
0.0812205895782,1962
0.976847529411,1963
0.182264894247,1964
0.984347105026,1965
0.20305724442,1966
0.981188476086,1967
0.0244045332074,1968
0.995837688446,1969
0.220625087619,1970
0.998488783836,1971
0.805043339729,1972
0.242828652263,1973
0.993350923061,1974
0.105502434075,1975
0.988847017288,1976
0.100107677281,1977
0.0859377384186,1978
0.261229217052,1979
0.0452091582119,1980
0.983923852444,1981
0.28070756793,1982
0.972193777561,1983
0.986141979694,1984
0.623652517796,1985
0.99063116312,1986
0.993406176567,1987
0.055950075388,1988
0.996037065983,1989
0.0724541246891,1990
0.956937074661,1991
0.850155711174,1992
0.994453728199,1993
0.0296748839319,1994
0.967930674553,1995
0.226283058524,1996
0.993022024632,1997
0.986645638943,1998
0.911183536053,1999
0.993588805199,2000
0.824050486088,2001
0.996480047703,2002
0.564141333103,2003
0.642139256001,2004
0.920548021793,2005
0.117803812027,2006
0.626204669476,2007
0.391515433788,2008
0.734040439129,2009
0.769311189651,2010
0.151204168797,2011
0.988469660282,2012
0.978108286858,2013
0.398456901312,2014
0.936050772667,2015
0.224134877324,2016
0.865868866444,2017
0.182943344116,2018
0.606057822704,2019
0.994896709919,2020
0.387635320425,2021
0.731819212437,2022
0.126020982862,2023
0.0182607900351,2024
0.992056667805,2025
0.961921870708,2026
0.13209669292,2027
0.475773215294,2028
0.202795594931,2029
0.995316982269,2030
0.726253330708,2031
0.99235701561,2032
0.0444201678038,2033
0.55597037077,2034
0.055071529001,2035
0.713114380836,2036
0.324326783419,2037
0.996215879917,2038
0.968326866627,2039
0.0878048017621,2040
0.891161441803,2041
0.967476665974,2042
0.891169309616,2043
0.860886156559,2044
0.960674166679,2045
0.718029260635,2046
0.738963186741,2047
0.25264814496,2048
0.900482416153,2049
0.998790442944,2050
0.844834566116,2051
0.951819062233,2052
0.138319060206,2053
0.981358468533,2054
0.253467857838,2055
0.972846806049,2056
0.438724726439,2057
0.992942094803,2058
0.906663537025,2059
0.558851778507,2060
0.985590696335,2061
0.645002365112,2062
0.997554242611,2063
0.996344864368,2064
0.137725487351,2065
0.969986796379,2066
0.115262560546,2067
0.991120874882,2068
0.980376601219,2069
0.97192466259,2070
0.173754200339,2071
0.957581579685,2072
0.23930041492,2073
0.959900200367,2074
0.302875995636,2075
0.348543524742,2076
0.994728624821,2077
0.0615163743496,2078
0.983365476131,2079
0.995599627495,2080
0.292135804892,2081
0.995595991611,2082
0.133519798517,2083
0.984317660332,2084
0.966247498989,2085
0.873378276825,2086
0.979894459248,2087
0.224125102162,2088
0.991502523422,2089
0.0581004060805,2090
0.91409933567,2091
0.822535455227,2092
0.228341370821,2093
0.883128762245,2094
0.980145871639,2095
0.625710308552,2096
0.170112103224,2097
0.998336553574,2098
0.506086230278,2099
0.985318899155,2100
0.378167688847,2101
0.084650978446,2102
0.594377636909,2103
0.356256783009,2104
0.97787719965,2105
0.924416542053,2106
0.686652779579,2107
0.997019946575,2108
0.995712757111,2109
0.323175787926,2110
0.991630136967,2111
0.0595294348896,2112
0.991892457008,2113
0.155631005764,2114
0.747711718082,2115
0.270275890827,2116
0.886169612408,2117
0.919936358929,2118
0.991077661514,2119
0.945298910141,2120
0.998631536961,2121
0.429257422686,2122
0.989779531956,2123
0.0976662635803,2124
0.74864846468,2125
0.775816977024,2126
0.121946416795,2127
0.716107428074,2128
0.0853658765554,2129
0.981739521027,2130
0.124295651913,2131
0.994764685631,2132
0.149697601795,2133
0.93894135952,2134
0.996768593788,2135
0.591388583183,2136
0.914921820164,2137
0.0576645433903,2138
0.996872484684,2139
0.954728245735,2140
0.280533611774,2141
0.991564512253,2142
0.428310662508,2143
0.960897803307,2144
0.160018190742,2145
0.950400054455,2146
0.131963044405,2147
0.972191393375,2148
0.231871962547,2149
0.994521260262,2150
0.960827589035,2151
0.328019946814,2152
0.990994870663,2153
0.991801798344,2154
0.0784313827753,2155
0.99473720789,2156
0.0534158162773,2157
0.993474066257,2158
0.302221596241,2159
0.215683445334,2160
0.984650313854,2161
0.0405155867338,2162
0.9940508008,2163
0.209799617529,2164
0.982112169266,2165
0.15538340807,2166
0.940937578678,2167
0.964482843876,2168
0.863960027695,2169
0.995736479759,2170
0.182698652148,2171
0.732023179531,2172
0.215784624219,2173
0.99524897337,2174
0.996688783169,2175
0.128113478422,2176
0.402912437916,2177
0.0995361208916,2178
0.882107377052,2179
0.984978616238,2180
0.885937929153,2181
0.0490968599916,2182
0.438937038183,2183
0.176027745008,2184
0.836336553097,2185
0.180598407984,2186
0.43187764287,2187
0.97895938158,2188
0.998464345932,2189
0.0944558382034,2190
0.9895221591,2191
0.200350418687,2192
0.957556784153,2193
0.748903930187,2194
0.923551380634,2195
0.995713472366,2196
0.73823338747,2197
0.993405342102,2198
0.999073266983,2199
0.0677244886756,2200
0.965934514999,2201
0.996880888939,2202
0.274619579315,2203
0.995622456074,2204
0.111914768815,2205
0.217444211245,2206
0.427866309881,2207
0.964631617069,2208
0.992086350918,2209
0.137732177973,2210
0.99035513401,2211
0.262925297022,2212
0.408827155828,2213
0.995022058487,2214
0.678749084473,2215
0.504863202572,2216
0.998252809048,2217
0.123475365341,2218
0.888947665691,2219
0.486039251089,2220
0.99944204092,2221
0.458556354046,2222
0.993487596512,2223
0.382410109043,2224
0.99314391613,2225
0.230024620891,2226
0.992595136166,2227
0.363574445248,2228
0.96486645937,2229
0.818957746029,2230
0.998342037201,2231
0.964567482471,2232
0.306186437607,2233
0.882289946079,2234
0.269156575203,2235
0.993547022343,2236
0.133404314518,2237
0.97192466259,2238
0.431791782379,2239
0.916497409344,2240
0.728457391262,2241
0.992869913578,2242
0.283900260925,2243
0.859558701515,2244
0.612844347954,2245
0.971578776836,2246
0.383405119181,2247
0.994280338287,2248
0.476258963346,2249
0.107239276171,2250
0.172404915094,2251
0.980898976326,2252
0.981936991215,2253
0.0514748357236,2254
0.453569084406,2255
0.381544619799,2256
0.941746413708,2257
0.917583823204,2258
0.0613126046956,2259
0.992441534996,2260
0.0585224553943,2261
0.998469650745,2262
0.998762369156,2263
0.989775061607,2264
0.985288918018,2265
0.725616574287,2266
0.879271686077,2267
0.920687258244,2268
0.488127499819,2269
0.74408519268,2270
0.979491353035,2271
0.0650847703218,2272
0.963282704353,2273
0.98465180397,2274
0.0624454803765,2275
0.808888852596,2276
0.210034996271,2277
0.0943674519658,2278
0.930871903896,2279
0.887372374535,2280
0.866952300072,2281
0.0648455843329,2282
0.920242965221,2283
0.225901737809,2284
0.982506036758,2285
0.991223096848,2286
0.097567640245,2287
0.967811524868,2288
0.155181869864,2289
0.946941494942,2290
0.205381527543,2291
0.956990659237,2292
0.0396574698389,2293
0.900268256664,2294
0.100521743298,2295
0.997527778149,2296
0.134793385863,2297
0.794806003571,2298
0.204256489873,2299
0.398703038692,2300
0.985188364983,2301
0.0846452862024,2302
0.993433356285,2303
0.863910496235,2304
0.960113525391,2305
0.966878414154,2306
0.149999126792,2307
0.996879577637,2308
0.116544544697,2309
0.904969334602,2310
0.871808350086,2311
0.0626457929611,2312
0.991391539574,2313
0.893774986267,2314
0.981181323528,2315
0.704078614712,2316
0.992283165455,2317
0.194272592664,2318
0.905230283737,2319
0.098508104682,2320
0.362436622381,2321
0.987429797649,2322
0.130213692784,2323
0.976177871227,2324
0.976349115372,2325
0.180419385433,2326
0.995226025581,2327
0.396839439869,2328
0.945099115372,2329
0.966759979725,2330
0.548909604549,2331
0.983759284019,2332
0.198283687234,2333
0.993945419788,2334
0.0630719363689,2335
0.964359462261,2336
0.487325072289,2337
0.801715016365,2338
0.552497684956,2339
0.636377573013,2340
0.102199174464,2341
0.960307002068,2342
0.48032745719,2343
0.996623754501,2344
0.672956943512,2345
0.991259515285,2346
0.0735556259751,2347
0.770560741425,2348
0.996907651424,2349
0.690984249115,2350
0.115237593651,2351
0.919633924961,2352
0.990201294422,2353
0.413900971413,2354
0.97171741724,2355
0.547024965286,2356
0.897778391838,2357
0.994162857533,2358
0.551246345043,2359
0.883689045906,2360
0.0384910590947,2361
0.967043280602,2362
0.850982904434,2363
0.506375551224,2364
0.936484754086,2365
0.167640730739,2366
0.983939528465,2367
0.180094078183,2368
0.972405314445,2369
0.228988721967,2370
0.975525021553,2371
0.0389212854207,2372
0.991009473801,2373
0.151297003031,2374
0.989450991154,2375
0.961129903793,2376
0.991937339306,2377
0.950262010098,2378
0.198830842972,2379
0.995430588722,2380
0.956772565842,2381
0.300099819899,2382
0.972172617912,2383
0.153781652451,2384
0.930881083012,2385
0.982816696167,2386
0.947069585323,2387
0.995121181011,2388
0.788132369518,2389
0.0709148347378,2390
0.992215096951,2391
0.804045319557,2392
0.903433799744,2393
0.984186351299,2394
0.463068276644,2395
0.739091515541,2396
0.376848548651,2397
0.471835881472,2398
0.988052487373,2399
0.224399134517,2400
0.992352902889,2401
0.0827153623104,2402
0.997463583946,2403
0.216212689877,2404
0.857924461365,2405
0.99175041914,2406
0.120500408113,2407
0.909640789032,2408
0.1501827389,2409
0.984153449535,2410
0.138794735074,2411
0.678811311722,2412
0.43759688735,2413
0.921977043152,2414
0.233474344015,2415
0.819773435593,2416
0.86134403944,2417
0.778463244438,2418
0.996465444565,2419
0.049490056932,2420
0.979601740837,2421
0.983798503876,2422
0.996843457222,2423
0.992239236832,2424
0.227742671967,2425
0.998597800732,2426
0.343597918749,2427
0.978183448315,2428
0.618491590023,2429
0.990773618221,2430
0.977732419968,2431
0.795723617077,2432
0.430572509766,2433
0.992042601109,2434
0.456937879324,2435
0.972689449787,2436
0.0463024266064,2437
0.97972714901,2438
0.521845400333,2439
0.996146321297,2440
0.963429570198,2441
0.858472704887,2442
0.993618011475,2443
0.530550897121,2444
0.990473806858,2445
0.248548254371,2446
0.984142243862,2447
0.944044232368,2448
0.865349113941,2449
0.990346491337,2450
0.993054926395,2451
0.313017010689,2452
0.994175136089,2453
0.354756087065,2454
0.910895705223,2455
0.991593241692,2456
0.0737611055374,2457
0.967125952244,2458
0.128743171692,2459
0.99779176712,2460
0.494856059551,2461
0.988157212734,2462
0.506431341171,2463
0.352185040712,2464
0.965772688389,2465
0.11321593821,2466
0.693626523018,2467
0.0389625169337,2468
0.980272591114,2469
0.0532808303833,2470
0.963277220726,2471
0.0682285651565,2472
0.994188189507,2473
0.153752654791,2474
0.986029326916,2475
0.215150013566,2476
0.977515935898,2477
0.656701028347,2478
0.998920083046,2479
0.106618337333,2480
0.876667439938,2481
0.457577645779,2482
0.955182135105,2483
0.873378634453,2484
0.775075852871,2485
0.995630741119,2486
0.358341038227,2487
0.976170301437,2488
0.299712568521,2489
0.894941389561,2490
0.988812744617,2491
0.648887634277,2492
0.997917592525,2493
0.215419217944,2494
0.98739361763,2495
0.163299277425,2496
0.982625484467,2497
0.720154285431,2498
0.998377084732,2499
0.0438302271068,2500
0.981560885906,2501
0.210055410862,2502
0.229083895683,2503
0.882660090923,2504
0.355686783791,2505
0.980765044689,2506
0.329395800829,2507
0.661271452904,2508
0.366062968969,2509
0.987114071846,2510
0.259834975004,2511
0.941785931587,2512
0.129037082195,2513
0.994482517242,2514
0.171597093344,2515
0.89864051342,2516
0.133559465408,2517
0.980792939663,2518
0.985826432705,2519
0.449819326401,2520
0.914148211479,2521
0.886160314083,2522
0.0481948889792,2523
0.427112519741,2524
0.660692095757,2525
0.99308770895,2526
0.654784500599,2527
0.993247509003,2528
0.800337970257,2529
0.993441343307,2530
0.950792372227,2531
0.0609670169652,2532
0.97634011507,2533
0.982949018478,2534
0.208928316832,2535
0.979315161705,2536
0.0568046942353,2537
0.949833869934,2538
0.189257025719,2539
0.897442698479,2540
0.72911208868,2541
0.976079046726,2542
0.124226011336,2543
0.98177677393,2544
0.358925789595,2545
0.447809487581,2546
0.0362769663334,2547
0.927204191685,2548
0.382274955511,2549
0.99742692709,2550
0.255812495947,2551
0.993491351604,2552
0.972605764866,2553
0.887282013893,2554
0.98422306776,2555
0.995169460773,2556
0.996498465538,2557
0.0809342935681,2558
0.992853224277,2559
0.134763151407,2560
0.701569020748,2561
0.316551983356,2562
0.972465157509,2563
0.122781433165,2564
0.980913579464,2565
0.966174006462,2566
0.0891160741448,2567
0.993197441101,2568
0.43262898922,2569
0.995213508606,2570
0.106905788183,2571
0.954588532448,2572
0.274725586176,2573
0.929609358311,2574
0.0374808609486,2575
0.856950163841,2576
0.14088101685,2577
0.862583398819,2578
0.565625309944,2579
0.811445057392,2580
0.769925236702,2581
0.428710609674,2582
0.990780293941,2583
0.329395771027,2584
0.884979188442,2585
0.49071097374,2586
0.992447733879,2587
0.0170750059187,2588
0.938070476055,2589
0.0742952302098,2590
0.854698896408,2591
0.844939112663,2592
0.138968259096,2593
0.952043116093,2594
0.224144354463,2595
0.988805770874,2596
0.0412358604372,2597
0.994126796722,2598
0.777958452702,2599
0.989245951176,2600
0.405082315207,2601
0.999153494835,2602
0.998925626278,2603
0.0463545806706,2604
0.948422551155,2605
0.973294138908,2606
0.153984680772,2607
0.979955613613,2608
0.700112521648,2609
0.434544414282,2610
0.97198843956,2611
0.148641198874,2612
0.979272723198,2613
0.985339641571,2614
0.280657947063,2615
0.961244523525,2616
0.956811785698,2617
0.298133939505,2618
0.989290893078,2619
0.275972574949,2620
0.977249264717,2621
0.0783777534962,2622
0.990935981274,2623
0.983244419098,2624
0.978726625443,2625
0.181551262736,2626
0.998015642166,2627
0.0956434756517,2628
0.967664182186,2629
0.690536439419,2630
0.128084182739,2631
0.956014633179,2632
0.489480763674,2633
0.940238535404,2634
0.996260583401,2635
0.0409118719399,2636
0.991831719875,2637
0.0926238000393,2638
0.989077806473,2639
0.988425135612,2640
0.0429262928665,2641
0.966063857079,2642
0.997695147991,2643
0.383687585592,2644
0.96872651577,2645
0.117688834667,2646
0.847277641296,2647
0.909239649773,2648
0.976833224297,2649
0.0618366077542,2650
0.992247343063,2651
0.368547439575,2652
0.994103014469,2653
0.995479822159,2654
0.780851066113,2655
0.0667258650064,2656
0.599719464779,2657
0.480239927769,2658
0.194184169173,2659
0.943648457527,2660
0.23366330564,2661
0.49755781889,2662
0.166451051831,2663
0.818599581718,2664
0.990666806698,2665
0.975932598114,2666
0.99871301651,2667
0.534528434277,2668
0.892936944962,2669
0.379255533218,2670
0.981276750565,2671
0.109052605927,2672
0.885657072067,2673
0.276823252439,2674
0.96578258276,2675
0.362803190947,2676
0.989146471024,2677
0.980144143105,2678
0.971714913845,2679
0.805241823196,2680
0.987655222416,2681
0.754644334316,2682
0.959299921989,2683
0.203266188502,2684
0.969972014427,2685
0.0957672446966,2686
0.991278111935,2687
0.0929509922862,2688
0.840524792671,2689
0.937022030354,2690
0.976874828339,2691
0.0298398192972,2692
0.919824302197,2693
0.293827801943,2694
0.995607197285,2695
0.999074220657,2696
0.983134269714,2697
0.240790680051,2698
0.971905052662,2699
0.0863955244422,2700
0.468466997147,2701
0.992859482765,2702
0.286076039076,2703
0.852999150753,2704
0.936313927174,2705
0.992588222027,2706
0.52782946825,2707
0.0808279886842,2708
0.982295274734,2709
0.100296802819,2710
0.983651995659,2711
0.958813250065,2712
0.971915245056,2713
0.350455254316,2714
0.992043912411,2715
0.379579752684,2716
0.986492455006,2717
0.0725655630231,2718
0.991870522499,2719
0.479867726564,2720
0.738935291767,2721
0.943896055222,2722
0.115647360682,2723
0.987802445889,2724
0.290076106787,2725
0.996677517891,2726
0.109909467399,2727
0.985053122044,2728
0.0883790329099,2729
0.992527246475,2730
0.155671313405,2731
0.980963110924,2732
0.116923168302,2733
0.994129538536,2734
0.18855316937,2735
0.987146615982,2736
0.267422765493,2737
0.81991070509,2738
0.0603123828769,2739
0.98608738184,2740
0.918877780437,2741
0.133996218443,2742
0.95539611578,2743
0.362324088812,2744
0.958537578583,2745
0.152002677321,2746
0.871353030205,2747
0.78559422493,2748
0.362132668495,2749
0.961891412735,2750
0.991798639297,2751
0.220167502761,2752
0.989473521709,2753
0.443517655134,2754
0.92116189003,2755
0.742298185825,2756
0.993362665176,2757
0.917924761772,2758
0.717028081417,2759
0.291160136461,2760
0.998658537865,2761
0.918308734894,2762
0.984179854393,2763
0.153588488698,2764
0.668144285679,2765
0.0601258315146,2766
0.916684389114,2767
0.987487316132,2768
0.512762010098,2769
0.922996163368,2770
0.208393901587,2771
0.655883550644,2772
0.459342896938,2773
0.985904753208,2774
0.219605669379,2775
0.997591495514,2776
0.435252249241,2777
0.982660233974,2778
0.34636002779,2779
0.964282870293,2780
0.791392683983,2781
0.992684721947,2782
0.335822016001,2783
0.985878765583,2784
0.072775170207,2785
0.988244891167,2786
0.184194013476,2787
0.842384159565,2788
0.947351157665,2789
0.688363611698,2790
0.99703669548,2791
0.451530218124,2792
0.980965077877,2793
0.055172175169,2794
0.93184620142,2795
0.988019883633,2796
0.556927084923,2797
0.998711585999,2798
0.292112261057,2799
0.988987028599,2800
0.397580116987,2801
0.932400226593,2802
0.715407669544,2803
0.962060451508,2804
0.442584753036,2805
0.248010739684,2806
0.965085804462,2807
0.181899905205,2808
0.993029773235,2809
0.400656282902,2810
0.987123966217,2811
0.198429852724,2812
0.896624863148,2813
0.217926725745,2814
0.984224081039,2815
0.123032659292,2816
0.987384080887,2817
0.991574704647,2818
0.763828396797,2819
0.956638634205,2820
0.12317083776,2821
0.9640224576,2822
0.125913113356,2823
0.993616223335,2824
0.172843813896,2825
0.802759408951,2826
0.433867841959,2827
0.987514615059,2828
0.0713119283319,2829
0.9742628932,2830
0.553026735783,2831
0.993785619736,2832
0.297060310841,2833
0.713779807091,2834
0.247928574681,2835
0.898666620255,2836
0.959145963192,2837
0.0344757139683,2838
0.924737870693,2839
0.784043908119,2840
0.986629366875,2841
0.0781452804804,2842
0.555618584156,2843
0.0862696170807,2844
0.986234068871,2845
0.192747190595,2846
0.892906367779,2847
0.399798452854,2848
0.893080115318,2849
0.958684921265,2850
0.107695296407,2851
0.993121445179,2852
0.96735817194,2853
0.213148906827,2854
0.939890563488,2855
0.965710222721,2856
0.0564403310418,2857
0.887359976768,2858
0.347917884588,2859
0.98938959837,2860
0.997792482376,2861
0.250977516174,2862
0.992261588573,2863
0.0256489440799,2864
0.953720629215,2865
0.132368028164,2866
0.921082317829,2867
0.641538381577,2868
0.995797753334,2869
0.201494157314,2870
0.980746328831,2871
0.992443621159,2872
0.986932575703,2873
0.978561997414,2874
0.491071552038,2875
0.977599024773,2876
0.999887347221,2877
0.977452278137,2878
0.541665315628,2879
0.99650478363,2880
0.679188251495,2881
0.990328133106,2882
0.347581088543,2883
0.99152725935,2884
0.0563321970403,2885
0.995717346668,2886
0.978021979332,2887
0.157368049026,2888
0.972638785839,2889
0.990842580795,2890
0.969819307327,2891
0.0564465038478,2892
0.992439508438,2893
0.683042824268,2894
0.0914760753512,2895
0.906468391418,2896
0.991534173489,2897
0.460439324379,2898
0.995648086071,2899
0.16543340683,2900
0.99181330204,2901
0.919800698757,2902
0.0832354202867,2903
0.991386950016,2904
0.675602555275,2905
0.99209433794,2906
0.249137282372,2907
0.534455895424,2908
0.569299221039,2909
0.98986685276,2910
0.198476716876,2911
0.79839527607,2912
0.495697408915,2913
0.980487048626,2914
0.0586406774819,2915
0.958681285381,2916
0.178921461105,2917
0.996635735035,2918
0.147215336561,2919
0.987825036049,2920
0.981963515282,2921
0.394495308399,2922
0.964583754539,2923
0.9807035923,2924
0.994485318661,2925
0.0496022589505,2926
0.91751652956,2927
0.0956034585834,2928
0.96640765667,2929
0.54640853405,2930
0.993921041489,2931
0.160715341568,2932
0.995090246201,2933
0.0725454762578,2934
0.993115603924,2935
0.0722962319851,2936
0.992738425732,2937
0.182875648141,2938
0.976719617844,2939
0.171001285315,2940
0.986227929592,2941
0.981222331524,2942
0.877502977848,2943
0.988472640514,2944
0.177207097411,2945
0.999089479446,2946
0.404324501753,2947
0.942970812321,2948
0.939463198185,2949
0.932400226593,2950
0.223584935069,2951
0.513154268265,2952
0.946004748344,2953
0.990353822708,2954
0.554242968559,2955
0.949845254421,2956
0.586576938629,2957
0.797143995762,2958
0.10047891736,2959
0.998471915722,2960
0.0586691759527,2961
0.998098552227,2962
0.662520170212,2963
0.9753434062,2964
0.0311482474208,2965
0.917633891106,2966
0.61047077179,2967
0.776072084904,2968
0.694661915302,2969
0.759480297565,2970
0.944532871246,2971
0.968936562538,2972
0.0641247555614,2973
0.907306134701,2974
0.256671637297,2975
0.279045462608,2976
0.986865460873,2977
0.905544757843,2978
0.0405198596418,2979
0.599255025387,2980
0.219466030598,2981
0.923080027103,2982
0.245219618082,2983
0.974747300148,2984
0.994276583195,2985
0.206677123904,2986
0.714077532291,2987
0.338035017252,2988
0.994724571705,2989
0.0891773253679,2990
0.23158441484,2991
0.885703921318,2992
0.891414761543,2993
0.164520427585,2994
0.992062449455,2995
0.553338706493,2996
0.992156744003,2997
0.998887360096,2998
0.993344068527,2999
0.252636104822,3000
0.989947617054,3001
0.057004801929,3002
0.902635931969,3003
0.583236455917,3004
0.295972913504,3005
0.965482890606,3006
0.383698701859,3007
0.947684764862,3008
0.597139239311,3009
0.257197707891,3010
0.0754628032446,3011
0.972666859627,3012
0.983696997166,3013
0.0913587659597,3014
0.954410731792,3015
0.103378280997,3016
0.982170820236,3017
0.995629668236,3018
0.188838809729,3019
0.996297776699,3020
0.818279922009,3021
0.991495728493,3022
0.866014361382,3023
0.992686748505,3024
0.078879930079,3025
0.993613064289,3026
0.986819684505,3027
0.865353763103,3028
0.129985436797,3029
0.749173164368,3030
0.910165548325,3031
0.102159187198,3032
0.989950418472,3033
0.994660079479,3034
0.612007379532,3035
0.322143465281,3036
0.989654123783,3037
0.113923899829,3038
0.993570446968,3039
0.26548576355,3040
0.814918875694,3041
0.0623219646513,3042
0.990850329399,3043
0.537548243999,3044
0.997813820839,3045
0.227756723762,3046
0.951017320156,3047
0.139727383852,3048
0.977531015873,3049
0.101010501385,3050
0.972472727299,3051
0.510030508041,3052
0.956953763962,3053
0.992254376411,3054
0.758554458618,3055
0.923395633698,3056
0.188321515918,3057
0.96187633276,3058
0.222111299634,3059
0.144531801343,3060
0.355728596449,3061
0.989163517952,3062
0.497535705566,3063
0.988021314144,3064
0.418654471636,3065
0.998686015606,3066
0.688426971436,3067
0.966509222984,3068
0.984590053558,3069
0.991761803627,3070
0.967092335224,3071
0.288538366556,3072
0.994298934937,3073
0.966554522514,3074
0.58211427927,3075
0.295204520226,3076
0.99628674984,3077
0.058315102011,3078
0.9067491889,3079
0.0566214732826,3080
0.948099732399,3081
0.996164798737,3082
0.997241020203,3083
0.0890616700053,3084
0.988749504089,3085
0.0629671365023,3086
0.980208396912,3087
0.0592029839754,3088
0.658352434635,3089
0.988069951534,3090
0.0365292169154,3091
0.965848445892,3092
0.413133710623,3093
0.536470234394,3094
0.86794090271,3095
0.958849966526,3096
0.100261956453,3097
0.60266149044,3098
0.947508990765,3099
0.997983813286,3100
0.291641294956,3101
0.988775849342,3102
0.0439550951123,3103
0.989172577858,3104
0.997708559036,3105
0.165464296937,3106
0.780724525452,3107
0.996626138687,3108
0.765602052212,3109
0.974479496479,3110
0.952904045582,3111
0.993809521198,3112
0.218501523137,3113
0.988184571266,3114
0.361681818962,3115
0.867260813713,3116
0.0961117818952,3117
0.988709390163,3118
0.103036411107,3119
0.805540919304,3120
0.124089248478,3121
0.987259745598,3122
0.675755798817,3123
0.764001369476,3124
0.334061205387,3125
0.994666337967,3126
0.958157896996,3127
0.115512371063,3128
0.996428191662,3129
0.0469687916338,3130
0.989299058914,3131
0.327461451292,3132
0.940424084663,3133
0.166676625609,3134
0.991059601307,3135
0.114695891738,3136
0.997654020786,3137
0.107070118189,3138
0.961471021175,3139
0.694255888462,3140
0.632882237434,3141
0.33870741725,3142
0.97575378418,3143
0.915878176689,3144
0.960496008396,3145
0.979322016239,3146
0.34972178936,3147
0.76347053051,3148
0.981771111488,3149
0.0904618948698,3150
0.988702535629,3151
0.990792274475,3152
0.558325529099,3153
0.997305870056,3154
0.270854830742,3155
0.972437798977,3156
0.150532290339,3157
0.91074025631,3158
0.0583081245422,3159
0.944620966911,3160
0.97192466259,3161
0.41190263629,3162
0.995442509651,3163
0.77836471796,3164
0.874645590782,3165
0.179283037782,3166
0.746723413467,3167
0.330489903688,3168
0.334871858358,3169
0.51655703783,3170
0.997035384178,3171
0.986915707588,3172
0.3196837008,3173
0.976046562195,3174
0.990104496479,3175
0.0749130696058,3176
0.634970426559,3177
0.285432398319,3178
0.854813933372,3179
0.351880908012,3180
0.989333331585,3181
0.217754200101,3182
0.818780124187,3183
0.347048968077,3184
0.970863044262,3185
0.093917094171,3186
0.419459164143,3187
0.132102966309,3188
0.93373477459,3189
0.252231329679,3190
0.995872914791,3191
0.0856515318155,3192
0.996678948402,3193
0.885244071484,3194
0.129779621959,3195
0.987012207508,3196
0.0243813432753,3197
0.614382505417,3198
0.860031604767,3199
0.950664043427,3200
0.0844623818994,3201
0.991803526878,3202
0.982483685017,3203
0.0801184549928,3204
0.986796617508,3205
0.999188005924,3206
0.300033658743,3207
0.989346683025,3208
0.065710760653,3209
0.980296492577,3210
0.512566745281,3211
0.860435783863,3212
0.0826659202576,3213
0.783352792263,3214
0.251854538918,3215
0.71796888113,3216
0.404380828142,3217
0.980837285519,3218
0.747480928898,3219
0.856874883175,3220
0.992153346539,3221
0.94373357296,3222
0.998340606689,3223
0.392337322235,3224
0.949631094933,3225
0.919459939003,3226
0.0956962257624,3227
0.827717661858,3228
0.393684238195,3229
0.473788440228,3230
0.998593270779,3231
0.0838707089424,3232
0.814782500267,3233
0.158799692988,3234
0.992240905762,3235
0.108593069017,3236
0.048858910799,3237
0.992080628872,3238
0.997005999088,3239
0.406560629606,3240
0.993668973446,3241
0.979326248169,3242
0.732143044472,3243
0.947304606438,3244
0.113033309579,3245
0.995292067528,3246
0.548205316067,3247
0.978513479233,3248
0.0488013364375,3249
0.994497716427,3250
0.186252385378,3251
0.981860399246,3252
0.967643618584,3253
0.732296705246,3254
0.0588942654431,3255
0.786496043205,3256
0.101940236986,3257
0.992864966393,3258
0.936596930027,3259
0.978626906872,3260
0.143217548728,3261
0.986257374287,3262
0.368104368448,3263
0.697527170181,3264
0.104743942618,3265
0.993552565575,3266
0.605881035328,3267
0.220713272691,3268
0.99274879694,3269
0.0493696965277,3270
0.625294208527,3271
0.197051972151,3272
0.92307060957,3273
0.147976174951,3274
0.968893229961,3275
0.176434472203,3276
0.976386606693,3277
0.742467403412,3278
0.986470401287,3279
0.988526701927,3280
0.684094071388,3281
0.970104932785,3282
0.399126201868,3283
0.981780588627,3284
0.989453792572,3285
0.0522318221629,3286
0.986289024353,3287
0.289325714111,3288
0.992959260941,3289
0.0542193166912,3290
0.765051245689,3291
0.993618369102,3292
0.0494623370469,3293
0.990951061249,3294
0.282504111528,3295
0.74021345377,3296
0.983637273312,3297
0.329377859831,3298
0.992701292038,3299
0.17034393549,3300
0.909449338913,3301
0.341414362192,3302
0.996833026409,3303
0.0351281240582,3304
0.950474023819,3305
0.988004088402,3306
0.287173956633,3307
0.228423938155,3308
0.0545129515231,3309
0.656901657581,3310
0.712809920311,3311
0.223151013255,3312
0.9934669137,3313
0.0633282735944,3314
0.997044026852,3315
0.177417725325,3316
0.712829589844,3317
0.987607300282,3318
0.919289827347,3319
0.94921118021,3320
0.707320690155,3321
0.974701344967,3322
0.263546943665,3323
0.997032284737,3324
0.990800797939,3325
0.400165051222,3326
0.993445158005,3327
0.994512557983,3328
0.13812661171,3329
0.99550229311,3330
0.786921441555,3331
0.267410010099,3332
0.811430454254,3333
0.198952466249,3334
0.987252354622,3335
0.994691550732,3336
0.989970266819,3337
0.983250558376,3338
0.312597900629,3339
0.973042905331,3340
0.811986982822,3341
0.994551241398,3342
0.99372202158,3343
0.227899387479,3344
0.767015874386,3345
0.311697781086,3346
0.992669224739,3347
0.972945511341,3348
0.205422267318,3349
0.99669778347,3350
0.981604337692,3351
0.10076341778,3352
0.963366270065,3353
0.992769658566,3354
0.987864673138,3355
0.225211530924,3356
0.614451885223,3357
0.982578635216,3358
0.763651192188,3359
0.852304518223,3360
0.984764039516,3361
0.15807557106,3362
0.957985401154,3363
0.220897868276,3364
0.994531869888,3365
0.277556478977,3366
0.688191711903,3367
0.991905093193,3368
0.835696876049,3369
0.964776813984,3370
0.197816476226,3371
0.847730338573,3372
0.310438752174,3373
0.788484096527,3374
0.224490344524,3375
0.932271122932,3376
0.0100815268233,3377
0.946170091629,3378
0.0904616937041,3379
0.985793888569,3380
0.221229165792,3381
0.973416209221,3382
0.152189552784,3383
0.914703011513,3384
0.976291358471,3385
0.984270274639,3386
0.767544806004,3387
0.983819842339,3388
0.0173367671669,3389
0.985841393471,3390
0.934565126896,3391
0.782303929329,3392
0.953523337841,3393
0.0548689551651,3394
0.825901925564,3395
0.0858412235975,3396
0.793608009815,3397
0.98018938303,3398
0.172973483801,3399
0.791183769703,3400
0.726643204689,3401
0.967786967754,3402
0.614640653133,3403
0.904906988144,3404
0.997082173824,3405
0.0107001923025,3406
0.0984384045005,3407
0.964342951775,3408
0.0551646277308,3409
0.87580704689,3410
0.0978318974376,3411
0.947899878025,3412
0.0616676285863,3413
0.993419229984,3414
0.744325459003,3415
0.226917400956,3416
0.984073638916,3417
0.327315539122,3418
0.99793857336,3419
0.999011397362,3420
0.984159886837,3421
0.647203445435,3422
0.989791095257,3423
0.0972106233239,3424
0.975654482841,3425
0.170472294092,3426
0.978145956993,3427
0.981267988682,3428
0.128611445427,3429
0.881269156933,3430
0.062986522913,3431
0.900361597538,3432
0.968669235706,3433
0.98935097456,3434
0.956095278263,3435
0.330312430859,3436
0.882593750954,3437
0.526340425014,3438
0.976390242577,3439
0.922096192837,3440
0.980658769608,3441
0.0979289859533,3442
0.982400178909,3443
0.971171557903,3444
0.766053676605,3445
0.994029283524,3446
0.202501490712,3447
0.928019940853,3448
0.156710863113,3449
0.156653985381,3450
0.941154956818,3451
0.451257556677,3452
0.997335851192,3453
0.161574155092,3454
0.99011516571,3455
0.0687216594815,3456
0.991552770138,3457
0.109462544322,3458
0.996749997139,3459
0.242890745401,3460
0.990900635719,3461
0.188699409366,3462
0.268350362778,3463
0.976012527943,3464
0.975172102451,3465
0.617212116718,3466
0.976345360279,3467
0.167584329844,3468
0.784254252911,3469
0.298235654831,3470
0.995853066444,3471
0.914577782154,3472
0.133455425501,3473
0.986173629761,3474
0.198687508702,3475
0.987636268139,3476
0.320633620024,3477
0.892390966415,3478
0.982389271259,3479
0.113063208759,3480
0.821127593517,3481
0.400603711605,3482
0.990485966206,3483
0.281700521708,3484
0.993930101395,3485
0.210097178817,3486
0.869102597237,3487
0.992577493191,3488
0.115851312876,3489
0.99144077301,3490
0.401412963867,3491
0.974716067314,3492
0.108851648867,3493
0.866817414761,3494
0.994078874588,3495
0.588408887386,3496
0.898951172829,3497
0.119737759233,3498
0.936410605907,3499
0.948794782162,3500
0.164744243026,3501
0.688854932785,3502
0.367327302694,3503
0.995801389217,3504
0.35584411025,3505
0.360644966364,3506
0.174297302961,3507
0.983870387077,3508
0.982346653938,3509
0.99529761076,3510
0.104838132858,3511
0.318315625191,3512
0.990332663059,3513
0.999768793583,3514
0.107785262167,3515
0.961020886898,3516
0.0669205784798,3517
0.845384657383,3518
0.184628561139,3519
0.865110874176,3520
0.917284309864,3521
0.189098477364,3522
0.987042665482,3523
0.0868594050407,3524
0.981724858284,3525
0.979501903057,3526
0.0719080939889,3527
0.575087428093,3528
0.993095099926,3529
0.978007733822,3530
0.911927163601,3531
0.193359032273,3532
0.780551731586,3533
0.105372048914,3534
0.974871814251,3535
0.158898100257,3536
0.839997172356,3537
0.0666512325406,3538
0.965441584587,3539
0.180685564876,3540
0.99469935894,3541
0.918716788292,3542
0.984437227249,3543
0.281459331512,3544
0.869914233685,3545
0.806973576546,3546
0.0965985059738,3547
0.911970078945,3548
0.0357326157391,3549
0.977473139763,3550
0.120877079666,3551
0.891601920128,3552
0.593619227409,3553
0.975004911423,3554
0.328360050917,3555
0.599178671837,3556
0.301351547241,3557
0.731081426144,3558
0.940843522549,3559
0.150118947029,3560
0.990794241428,3561
0.155652448535,3562
0.288807451725,3563
0.214188724756,3564
0.814100325108,3565
0.265623301268,3566
0.997368037701,3567
0.0664594098926,3568
0.97067630291,3569
0.0288856551051,3570
0.994497716427,3571
0.0238487236202,3572
0.970194220543,3573
0.0675691589713,3574
0.996673703194,3575
0.998347997665,3576
0.0657494589686,3577
0.996657967567,3578
0.99920219183,3579
0.0652061551809,3580
0.926183283329,3581
0.172878563404,3582
0.22223033011,3583
0.785992562771,3584
0.485448241234,3585
0.989471852779,3586
0.129751354456,3587
0.999855279922,3588
0.308987021446,3589
0.985134661198,3590
0.279858857393,3591
0.786815047264,3592
0.422346264124,3593
0.983265995979,3594
0.959456205368,3595
0.148090481758,3596
0.99256426096,3597
0.97753238678,3598
0.228888049722,3599
0.987186551094,3600
0.805160105228,3601
0.50917071104,3602
0.998422861099,3603
0.0936499461532,3604
0.536910772324,3605
0.725550949574,3606
0.456635504961,3607
0.990774571896,3608
0.0752218663692,3609
0.767913162708,3610
0.919562757015,3611
0.0953561216593,3612
0.937205553055,3613
0.183834701777,3614
0.9567502141,3615
0.113455861807,3616
0.957364737988,3617
0.705223619938,3618
0.684634745121,3619
0.0429432056844,3620
0.988421976566,3621
0.960022091866,3622
0.997471690178,3623
0.0871291384101,3624
0.385865479708,3625
0.201321616769,3626
0.0789163336158,3627
0.960172116756,3628
0.980947315693,3629
0.259350806475,3630
0.865941941738,3631
0.375829875469,3632
0.991973638535,3633
0.977110028267,3634
0.415509313345,3635
0.537548243999,3636
0.19517339766,3637
0.934623658657,3638
0.0688075721264,3639
0.992943823338,3640
0.851465582848,3641
0.110539637506,3642
0.703574419022,3643
0.249986171722,3644
0.989151120186,3645
0.976768016815,3646
0.285321712494,3647
0.511919677258,3648
0.0758965015411,3649
0.986205399036,3650
0.328285872936,3651
0.354379981756,3652
0.645420849323,3653
0.908320307732,3654
0.0780741274357,3655
0.883357286453,3656
0.981542289257,3657
0.114104688168,3658
0.512216150761,3659
0.435293912888,3660
0.959062516689,3661
0.203827083111,3662
0.984961867332,3663
0.96614664793,3664
0.105827495456,3665
0.990370452404,3666
0.275499999523,3667
0.997659564018,3668
0.211954206228,3669
0.9657766819,3670
0.993711590767,3671
0.147138416767,3672
0.978242576122,3673
0.996655344963,3674
0.152314886451,3675
0.994388282299,3676
0.875736832619,3677
0.152364477515,3678
0.987007021904,3679
0.741814017296,3680
0.228441759944,3681
0.971553206444,3682
0.985516965389,3683
0.790263593197,3684
0.628555357456,3685
0.643221497536,3686
0.992474377155,3687
0.987118840218,3688
0.232410296798,3689
0.809841871262,3690
0.801146686077,3691
0.994164168835,3692
0.147593095899,3693
0.870032250881,3694
0.191766127944,3695
0.3126296103,3696
0.971877157688,3697
0.119043461978,3698
0.964567601681,3699
0.500945866108,3700
0.248311817646,3701
0.940670311451,3702
0.252958238125,3703
0.989195942879,3704
0.987621843815,3705
0.984369516373,3706
0.152914747596,3707
0.97738724947,3708
0.966600298882,3709
0.982420444489,3710
0.194614753127,3711
0.982692837715,3712
0.16186927259,3713
0.994069695473,3714
0.638426363468,3715
0.965796172619,3716
0.993684709072,3717
0.161071762443,3718
0.944635391235,3719
0.999282419682,3720
0.13367921114,3721
0.91367149353,3722
0.218591928482,3723
0.98788779974,3724
0.938275575638,3725
0.993584930897,3726
0.992078840733,3727
0.842399895191,3728
0.643552780151,3729
0.0845684558153,3730
0.992081046104,3731
0.99046599865,3732
0.964411795139,3733
0.177575722337,3734
0.935695171356,3735
0.668270766735,3736
0.990219414234,3737
0.290439397097,3738
0.946844756603,3739
0.29616817832,3740
0.856121659279,3741
0.134171113372,3742
0.912190318108,3743
0.108246922493,3744
0.355081170797,3745
0.992472648621,3746
0.441429764032,3747
0.969626784325,3748
0.0982630848885,3749
0.995820522308,3750
0.989386558533,3751
0.0379351787269,3752
0.952102541924,3753
0.205647185445,3754
0.997127830982,3755
0.366351038218,3756
0.978640735149,3757
0.366750925779,3758
0.893098890781,3759
0.9727024436,3760
0.963016450405,3761
0.443752288818,3762
0.990455091,3763
0.980000376701,3764
0.153381556273,3765
0.996456205845,3766
0.12387150526,3767
0.991693079472,3768
0.187195599079,3769
0.54868710041,3770
0.969012200832,3771
0.201157599688,3772
0.509217858315,3773
0.345278650522,3774
0.995445251465,3775
0.17659804225,3776
0.302478909492,3777
0.978481948376,3778
0.111427389085,3779
0.985694348812,3780
0.990813434124,3781
0.992939352989,3782
0.934969484806,3783
0.67524677515,3784
0.52322268486,3785
0.219425335526,3786
0.9896723032,3787
0.114204272628,3788
0.991919279099,3789
0.712099254131,3790
0.532802939415,3791
0.994312882423,3792
0.143235772848,3793
0.544571638107,3794
0.393447518349,3795
0.710286557674,3796
0.0336991138756,3797
0.994795262814,3798
0.853884637356,3799
0.969137966633,3800
0.560830891132,3801
0.958453476429,3802
0.812578976154,3803
0.162743344903,3804
0.996280491352,3805
0.0875919014215,3806
0.951795518398,3807
0.318373918533,3808
0.988896906376,3809
0.993162751198,3810
0.303829401731,3811
0.987139999866,3812
0.201856642962,3813
0.657649934292,3814
0.157490745187,3815
0.917487382889,3816
0.972012758255,3817
0.995978355408,3818
0.232197746634,3819
0.949522078037,3820
0.649543046951,3821
0.930114626884,3822
0.100934304297,3823
0.896900415421,3824
0.438889354467,3825
0.986733675003,3826
0.560411393642,3827
0.710607230663,3828
0.68663585186,3829
0.974224209785,3830
0.278824090958,3831
0.155633956194,3832
0.990925550461,3833
0.603749752045,3834
0.324291050434,3835
0.996236145496,3836
0.698173880577,3837
0.98730891943,3838
0.0535610988736,3839
0.819402039051,3840
0.52412211895,3841
0.943153500557,3842
0.727418243885,3843
0.0911415442824,3844
0.993703901768,3845
0.0966564938426,3846
0.976940512657,3847
0.097245901823,3848
0.595606029034,3849
0.993857800961,3850
0.288929253817,3851
0.991870164871,3852
0.935072958469,3853
0.742101728916,3854
0.260211884975,3855
0.972339451313,3856
0.0939572378993,3857
0.984021604061,3858
0.967501878738,3859
0.540042817593,3860
0.979910612106,3861
0.186067655683,3862
0.826889514923,3863
0.997143208981,3864
0.126891881227,3865
0.996501922607,3866
0.0474400185049,3867
0.988346755505,3868
0.122022651136,3869
0.988358974457,3870
0.204814836383,3871
0.847978174686,3872
0.221661418676,3873
0.958688616753,3874
0.998925626278,3875
0.090068295598,3876
0.867640316486,3877
0.997532248497,3878
0.784648358822,3879
0.996604442596,3880
0.662065982819,3881
0.991148114204,3882
0.925938665867,3883
0.987247884274,3884
0.996431469917,3885
0.32788965106,3886
0.978094637394,3887
0.0870263278484,3888
0.99237883091,3889
0.755025625229,3890
0.0538750886917,3891
0.984697580338,3892
0.153117880225,3893
0.923289418221,3894
0.943686306477,3895
0.273921757936,3896
0.718815326691,3897
0.140011847019,3898
0.544780910015,3899
0.134081840515,3900
0.970320940018,3901
0.995214939117,3902
0.943868935108,3903
0.81589370966,3904
0.367489010096,3905
0.989160835743,3906
0.989982306957,3907
0.463839709759,3908
0.747808039188,3909
0.996683418751,3910
0.549364626408,3911
0.919107735157,3912
0.9881477952,3913
0.966990888119,3914
0.969720959663,3915
0.170168429613,3916
0.885891616344,3917
0.218400552869,3918
0.987194120884,3919
0.154029324651,3920
0.983398795128,3921
0.998461723328,3922
0.994962215424,3923
0.969353079796,3924
0.111552156508,3925
0.937305212021,3926
0.09769064188,3927
0.994957745075,3928
0.109224610031,3929
0.854611694813,3930
0.961360752583,3931
0.141563057899,3932
0.925052285194,3933
0.995737195015,3934
0.237323567271,3935
0.721478998661,3936
0.545907557011,3937
0.921526491642,3938
0.987153828144,3939
0.242154866457,3940
0.984269380569,3941
0.14467561245,3942
0.587796986103,3943
0.3985221982,3944
0.836610794067,3945
0.214530423284,3946
0.993186950684,3947
0.0812308043242,3948
0.0646551996469,3949
0.130075097084,3950
0.996404051781,3951
0.317088484764,3952
0.994959831238,3953
0.923757612705,3954
0.870845019817,3955
0.887377560139,3956
0.0291934087873,3957
0.88018733263,3958
0.101568877697,3959
0.988396286964,3960
0.293243408203,3961
0.400820970535,3962
0.0218916125596,3963
0.958204269409,3964
0.475919693708,3965
0.982693970203,3966
0.935970962048,3967
0.194348588586,3968
0.988545000553,3969
0.0698469802737,3970
0.983951747417,3971
0.507458865643,3972
0.868904471397,3973
0.992234110832,3974
0.0961599051952,3975
0.968849301338,3976
0.215351238847,3977
0.771946549416,3978
0.0175046678632,3979
0.715966582298,3980
0.989018321037,3981
0.199830815196,3982
0.992486834526,3983
0.0727918073535,3984
0.997314155102,3985
0.296595394611,3986
0.91915333271,3987
0.836869239807,3988
0.0512997508049,3989
0.996217429638,3990
0.974952220917,3991
0.0484808571637,3992
0.944601595402,3993
0.980557978153,3994
0.50811123848,3995
0.978213012218,3996
0.175923600793,3997
0.993904411793,3998
0.289544433355,3999
0.311200708151,4000
0.601241350174,4001
0.984349310398,4002
0.939579904079,4003
0.658391594887,4004
0.979643762112,4005
0.394157528877,4006
0.11851542443,4007
0.759503304958,4008
0.173213452101,4009
0.97550958395,4010
0.127726092935,4011
0.877676129341,4012
0.087957650423,4013
0.916690886021,4014
0.0715284049511,4015
0.581956148148,4016
0.905486404896,4017
0.207580730319,4018
0.79754948616,4019
0.792148053646,4020
0.81410831213,4021
0.337312728167,4022
0.700019717216,4023
0.133551761508,4024
0.995715916157,4025
0.154997602105,4026
0.838701844215,4027
0.190000519156,4028
0.834181368351,4029
0.171561002731,4030
0.981257200241,4031
0.0542763918638,4032
0.990874528885,4033
0.921758711338,4034
0.190775990486,4035
0.978392243385,4036
0.12703563273,4037
0.827310800552,4038
0.364701956511,4039
0.906979858875,4040
0.989075779915,4041
0.312500119209,4042
0.991267263889,4043
0.444533795118,4044
0.990682005882,4045
0.837289571762,4046
0.37739354372,4047
0.887144744396,4048
0.281612843275,4049
0.950403988361,4050
0.881420373917,4051
0.105415321887,4052
0.95075148344,4053
0.188411667943,4054
0.998440086842,4055
0.135839998722,4056
0.873262286186,4057
0.992117345333,4058
0.436808973551,4059
0.685072302818,4060
0.194389283657,4061
0.781337440014,4062
0.103150345385,4063
0.995918571949,4064
0.157981410623,4065
0.842477023602,4066
0.979542016983,4067
0.424360543489,4068
0.968403577805,4069
0.523391366005,4070
0.995615959167,4071
0.0390901304781,4072
0.841570258141,4073
0.192625284195,4074
0.9949452281,4075
0.487668246031,4076
0.991474866867,4077
0.0714318156242,4078
0.988459706306,4079
0.16928820312,4080
0.989273011684,4081
0.0409904047847,4082
0.970673859119,4083
0.68240571022,4084
0.849005401134,4085
0.810141861439,4086
0.140712991357,4087
0.767053484917,4088
0.882404923439,4089
0.992474377155,4090
0.95474421978,4091
0.994131028652,4092
0.774102509022,4093
0.696626067162,4094
0.431787997484,4095
0.996244192123,4096
0.313060700893,4097
0.95348161459,4098
0.711721420288,4099
0.944599330425,4100
0.629749953747,4101
0.990118741989,4102
0.994555950165,4103
0.946310460567,4104
0.121016696095,4105
0.846032083035,4106
0.3649918437,4107
0.939398229122,4108
0.937696039677,4109
0.0925508886576,4110
0.98147636652,4111
0.386629164219,4112
